date,tests,total_tests,cases,total_cases,deceased,total_deceased,vaccination,total_vaccinations,recovered,total_recovered
02/02/2020,66,352,0,8,0,0,0,0,0,0
03/02/2020,41,393,0,8,0,0,0,0,0,0
04/02/2020,51,444,2,10,0,0,0,0,0,0
05/02/2020,50,494,2,12,0,0,0,0,1,1
06/02/2020,224,718,2,14,0,0,0,0,0,1
07/02/2020,187,905,1,15,0,0,0,0,0,1
08/02/2020,76,981,1,16,0,0,0,0,1,2
09/02/2020,108,1089,1,17,0,0,0,0,1,3
10/02/2020,80,1169,1,18,0,0,0,0,0,3
11/02/2020,211,1380,0,18,0,0,0,0,0,3
12/02/2020,220,1600,0,18,0,0,0,0,0,3
13/02/2020,170,1770,0,18,0,0,0,0,0,3
14/02/2020,116,1886,1,19,0,0,0,0,4,7
15/02/2020,153,2039,3,22,0,0,0,0,1,8
16/02/2020,124,2163,0,22,0,0,0,0,0,8
17/02/2020,85,2248,0,22,0,0,0,0,3,11
18/02/2020,262,2510,0,22,0,0,0,0,2,13
19/02/2020,99,2609,0,22,0,0,0,0,4,17
20/02/2020,96,2705,0,22,0,0,0,0,0,17
21/02/2020,72,2777,0,22,0,0,0,0,0,17
22/02/2020,33,2810,0,22,0,0,0,0,1,18
23/02/2020,119,2929,0,22,0,0,0,0,0,18
24/02/2020,54,2983,0,22,0,0,0,0,2,20
25/02/2020,117,3100,0,22,0,0,0,0,0,20
26/02/2020,193,3293,0,22,0,0,0,0,0,20
27/02/2020,139,3432,1,23,0,0,0,0,2,22
28/02/2020,236,3668,2,25,0,0,0,0,0,22
29/02/2020,211,3879,0,25,0,0,0,0,0,22
01/03/2020,198,4077,4,29,0,0,0,0,0,22
02/03/2020,236,4313,0,29,0,0,0,0,0,22
03/03/2020,540,4853,7,36,0,0,0,0,0,22
04/03/2020,615,5468,14,50,0,0,0,0,1,23
05/03/2020,782,6250,5,55,0,0,0,0,0,23
06/03/2020,617,6867,28,83,0,0,0,0,0,23
07/03/2020,916,7783,10,93,0,0,0,0,1,24
08/03/2020,456,8239,6,99,0,0,0,0,1,25
09/03/2020,595,8834,18,117,0,0,0,0,1,26
10/03/2020,958,9792,12,129,0,0,0,0,0,26
11/03/2020,852,10644,20,149,0,0,0,0,1,27
12/03/2020,1327,11971,9,158,0,0,0,0,6,33
13/03/2020,2107,14078,39,197,0,0,0,0,0,33
14/03/2020,2498,16576,41,238,0,0,0,0,4,37
15/03/2020,1942,18518,190,428,0,0,0,0,5,42
16/03/2020,2468,20986,125,553,0,0,0,0,0,42
17/03/2020,2927,23913,120,673,2,2,0,0,7,49
18/03/2020,3411,27324,117,790,0,2,0,0,11,60
19/03/2020,3304,30628,110,900,0,2,0,0,15,75
20/03/2020,3635,34263,130,1030,1,3,0,0,12,87
21/03/2020,3955,38218,153,1183,4,7,0,0,27,114
22/03/2020,3398,41616,123,1306,4,11,0,0,25,139
23/03/2020,3824,45440,212,1518,5,16,0,0,20,159
24/03/2020,3381,48821,106,1624,2,18,0,0,24,183
25/03/2020,3899,52720,172,1796,3,21,0,0,16,199
26/03/2020,3875,56595,235,2031,5,26,0,0,16,215
27/03/2020,6540,63135,130,2161,2,28,0,0,44,259
28/03/2020,5302,68437,159,2320,6,34,0,0,61,320
29/03/2020,4736,73173,150,2470,5,39,0,0,68,388
30/03/2020,5444,78617,156,2626,4,43,0,0,90,478
31/03/2020,7049,85666,140,2766,5,48,0,0,58,536
01/04/2020,7044,92710,142,2908,2,50,0,0,108,644
02/04/2020,6556,99266,208,3116,2,52,0,0,122,766
03/04/2020,8218,107484,217,3333,5,57,0,0,60,826
04/04/2020,8941,116425,150,3483,3,60,0,0,88,914
05/04/2020,8401,124826,179,3662,2,62,0,0,90,1004
06/04/2020,5685,130511,131,3793,2,64,0,0,236,1240
07/04/2020,9597,140108,170,3963,1,65,0,0,80,1320
08/04/2020,8711,148819,156,4119,1,66,0,0,166,1486
09/04/2020,8025,156844,109,4228,2,68,0,0,121,1607
10/04/2020,10153,166997,118,4346,3,71,0,0,222,1829
11/04/2020,9435,176432,184,4530,3,74,0,0,165,1994
12/04/2020,7209,183641,153,4683,5,79,0,0,113,2107
13/04/2020,5874,189515,134,4817,1,80,0,0,168,2275
14/04/2020,7748,197263,170,4987,3,83,0,0,202,2477
15/04/2020,9797,207060,85,5072,2,85,0,0,169,2646
16/04/2020,9395,216455,110,5182,2,87,0,0,119,2765
17/04/2020,9300,225755,69,5251,1,88,0,0,201,2966
18/04/2020,9648,235403,54,5305,0,88,0,0,135,3101
19/04/2020,9111,244514,84,5389,1,89,0,0,95,3196
20/04/2020,9300,253814,36,5425,1,90,0,0,98,3294
21/04/2020,10003,263817,57,5482,2,92,0,0,54,3348
22/04/2020,12184,276001,50,5532,2,94,0,0,103,3451
23/04/2020,12733,288734,71,5603,1,95,0,0,90,3541
24/04/2020,15587,304321,88,5691,1,96,0,0,121,3662
25/04/2020,13959,318280,51,5742,2,98,0,0,99,3761
26/04/2020,9442,327722,38,5780,0,98,0,0,100,3861
27/04/2020,12329,340051,40,5820,1,99,0,0,95,3956
28/04/2020,12571,352622,31,5851,1,100,0,0,75,4031
29/04/2020,14472,367094,94,5945,1,101,0,0,55,4086
30/04/2020,12042,379136,57,6002,2,103,0,0,84,4170
01/05/2020,14009,393145,69,6071,0,103,0,0,39,4209
02/05/2020,11153,404298,105,6176,1,104,0,0,116,4325
03/05/2020,12537,416835,122,6298,1,105,0,0,87,4412
04/05/2020,9831,426666,55,6353,0,105,0,0,71,4483
05/05/2020,10935,437601,30,6383,2,107,0,0,83,4566
06/05/2020,12895,450496,45,6428,0,107,0,0,135,4701
07/05/2020,13734,464230,39,6467,1,108,0,0,74,4775
08/05/2020,11723,475953,68,6535,0,108,0,0,88,4863
09/05/2020,10417,486370,54,6589,1,109,0,0,65,4928
10/05/2020,10142,496512,67,6656,1,110,0,0,96,5024
11/05/2020,9807,506319,70,6726,0,110,0,0,88,5112
12/05/2020,10503,516822,16,6742,1,111,0,0,110,5222
13/05/2020,10430,527252,37,6779,2,113,0,0,58,5280
14/05/2020,12023,539275,40,6819,0,113,0,0,70,5350
15/05/2020,11600,550875,36,6855,0,113,0,0,88,5438
16/05/2020,11408,562283,17,6872,0,113,0,0,73,5511
17/05/2020,8945,571228,22,6894,0,113,0,0,59,5570
18/05/2020,11747,582975,47,6941,1,114,0,0,44,5614
19/05/2020,10991,593966,37,6978,0,114,0,0,31,5645
20/05/2020,12499,606465,31,7009,0,114,0,0,60,5705
21/05/2020,11419,617884,50,7059,1,115,0,0,90,5795
22/05/2020,11292,629176,78,7137,0,115,0,0,63,5858
23/05/2020,10095,639271,48,7185,0,115,0,0,53,5911
24/05/2020,7588,646859,60,7245,0,115,0,0,33,5944
25/05/2020,7742,654601,172,7417,0,115,0,0,34,5978
26/05/2020,7315,661916,187,7604,0,115,0,0,62,6040
27/05/2020,8221,670137,15,7619,0,115,0,0,42,6082
28/05/2020,10873,681010,10,7629,0,115,0,0,86,6168
29/05/2020,13094,694104,103,7732,0,115,0,0,66,6234
30/05/2020,9315,703419,30,7762,0,115,0,0,95,6329
31/05/2020,8631,712050,57,7819,0,115,0,0,23,6352
01/06/2020,8143,720193,38,7857,0,115,0,0,51,6403
02/06/2020,12178,732371,20,7877,0,115,0,0,66,6469
03/06/2020,12165,744536,93,7970,0,115,0,0,61,6530
04/06/2020,11430,755966,277,8247,1,116,0,0,28,6558
05/06/2020,13486,769452,19,8266,1,117,0,0,51,6609
06/06/2020,10766,780218,37,8303,0,117,0,0,25,6634
07/06/2020,7479,787697,19,8322,0,117,0,0,39,6673
08/06/2020,6711,794408,7,8329,0,117,0,0,20,6693
09/06/2020,6754,801162,7,8336,0,117,0,0,281,6974
10/06/2020,7413,808575,2,8338,1,118,0,0,39,7013
11/06/2020,11580,820155,31,8369,1,119,0,0,51,7064
12/06/2020,7121,827276,33,8402,2,121,0,0,103,7167
13/06/2020,6737,834013,43,8445,0,121,0,0,143,7310
14/06/2020,5829,839842,8,8453,0,121,0,0,35,7345
15/06/2020,4082,843924,41,8494,0,121,0,0,54,7399
16/06/2020,6398,850322,11,8505,0,121,0,0,333,7732
17/06/2020,6350,856672,10,8515,0,121,0,0,140,7872
18/06/2020,5967,862639,14,8529,0,121,0,0,127,7999
19/06/2020,6321,868960,6,8535,0,121,0,0,70,8069
20/06/2020,5662,874622,21,8556,0,121,0,0,76,8145
21/06/2020,5249,879871,16,8572,0,121,0,0,10,8155
22/06/2020,6291,886162,15,8587,0,121,0,0,21,8176
23/06/2020,6954,893116,3,8590,0,121,0,0,9,8185
24/06/2020,7451,900567,6,8596,0,121,0,0,45,8230
25/06/2020,7343,907910,4,8600,0,121,0,0,40,8270
26/06/2020,7342,915252,6,8606,0,121,0,0,23,8293
27/06/2020,5907,921159,10,8616,0,121,0,0,14,8307
28/06/2020,4343,925502,18,8634,0,121,0,0,10,8317
29/06/2020,5443,930945,3,8637,0,121,0,0,16,8333
30/06/2020,8004,938949,2,8639,0,121,0,0,20,8353
01/07/2020,7063,946012,1,8640,0,121,0,0,21,8374
02/07/2020,7910,953922,3,8643,0,121,0,0,62,8436
03/07/2020,6947,960869,5,8648,0,121,0,0,9,8445
04/07/2020,6459,967328,10,8658,0,121,0,0,15,8460
05/07/2020,4647,971975,5,8663,0,121,0,0,4,8464
06/07/2020,5717,977692,5,8668,0,121,0,0,11,8475
07/07/2020,6089,983781,6,8674,0,121,0,0,5,8480
08/07/2020,6769,990550,3,8677,0,121,0,0,5,8485
09/07/2020,6060,996610,6,8683,0,121,0,0,13,8498
10/07/2020,5762,1002372,13,8696,1,122,0,0,12,8510
11/07/2020,4674,1007046,8,8704,0,122,0,0,4,8514
12/07/2020,4133,1011179,14,8718,0,122,0,0,4,8518
13/07/2020,4890,1016069,7,8725,0,122,0,0,1,8519
14/07/2020,6055,1022124,4,8729,0,122,0,0,4,8523
15/07/2020,6860,1028984,5,8734,0,122,0,0,2,8525
16/07/2020,5709,1034693,3,8737,0,122,0,0,12,8537
17/07/2020,3941,1038634,18,8755,1,123,0,0,3,8540
18/07/2020,3262,1041896,9,8764,0,123,0,0,5,8545
19/07/2020,4054,1045950,15,8779,0,123,0,0,7,8552
20/07/2020,3354,1049304,21,8800,0,123,0,0,2,8554
21/07/2020,4280,1053584,15,8815,0,123,0,0,7,8561
22/07/2020,4613,1058197,16,8831,0,123,0,0,4,8565
23/07/2020,4827,1063024,9,8840,0,123,0,0,8,8573
24/07/2020,4884,1067908,21,8861,0,123,0,0,3,8576
25/07/2020,3248,1071156,23,8884,0,123,0,0,17,8593
26/07/2020,4831,1075987,13,8897,1,124,0,0,6,8599
27/07/2020,6258,1082245,7,8904,0,124,0,0,1,8600
28/07/2020,4599,1086844,39,8943,0,124,0,0,6,8606
29/07/2020,6907,1093751,13,8956,1,125,0,0,5,8611
30/07/2020,6972,1100723,8,8964,0,125,0,0,5,8616
31/07/2020,4508,1105231,12,8976,0,125,0,0,27,8643
01/08/2020,4471,1109702,9,8985,0,125,0,0,3,8646
02/08/2020,3945,1113647,14,8999,0,125,0,0,17,8663
03/08/2020,7647,1121294,2,9001,0,125,0,0,4,8667
04/08/2020,6567,1127861,1,9002,0,125,0,0,16,8683
05/08/2020,8038,1135899,21,9023,0,125,0,0,18,8701
06/08/2020,8010,1143909,15,9038,0,125,0,0,11,8712
07/08/2020,7822,1151731,25,9063,0,125,0,0,15,8727
08/08/2020,6431,1158162,7,9070,0,125,0,0,47,8774
09/08/2020,6400,1164562,13,9083,0,125,0,0,9,8783
10/08/2020,6712,1171274,11,9094,0,125,0,0,19,8802
11/08/2020,7564,1178838,9,9103,0,125,0,0,6,8808
12/08/2020,9190,1188028,11,9114,0,125,0,0,8,8816
13/08/2020,8679,1196707,15,9129,0,125,0,0,4,8820
14/08/2020,6641,1203348,20,9149,0,125,0,0,7,8827
15/08/2020,5284,1208632,26,9175,0,125,0,0,3,8830
16/08/2020,4535,1213167,25,9200,0,125,0,0,28,8858
17/08/2020,6106,1219273,12,9212,0,125,0,0,17,8875
18/08/2020,7776,1227049,7,9219,0,125,0,0,26,8901
19/08/2020,8186,1235235,16,9235,0,125,0,0,23,8924
20/08/2020,5368,1240603,5,9240,0,125,0,0,7,8931
21/08/2020,5980,1246583,9,9249,0,125,0,0,13,8944
22/08/2020,5075,1251658,8,9257,0,125,0,0,4,8948
23/08/2020,5577,1257235,10,9267,0,125,0,0,10,8958
24/08/2020,6860,1264095,7,9274,0,125,0,0,6,8964
25/08/2020,8432,1272527,11,9285,0,125,0,0,6,8970
26/08/2020,7478,1280005,6,9291,0,125,0,0,7,8977
27/08/2020,7887,1287892,5,9296,0,125,0,0,16,8993
28/08/2020,7283,1295175,10,9306,0,125,0,0,36,9029
29/08/2020,8836,1304011,11,9317,1,126,0,0,8,9037
30/08/2020,9506,1313517,17,9334,1,127,0,0,10,9047
31/08/2020,9021,1322538,6,9340,0,127,0,0,6,9053
01/09/2020,8361,1330899,14,9354,1,128,0,0,21,9074
02/09/2020,8779,1339678,6,9360,0,128,0,0,4,9078
03/09/2020,7429,1347107,14,9374,0,128,0,0,4,9082
04/09/2020,6214,1353321,11,9385,0,128,0,0,9,9091
05/09/2020,5920,1359241,6,9391,0,128,0,0,21,9112
06/09/2020,5755,1364996,6,9397,0,128,0,0,2,9114
07/09/2020,6132,1371128,62,9459,0,128,0,0,9,9123
08/09/2020,8909,1380037,100,9559,0,128,0,0,12,9135
09/09/2020,8270,1388307,24,9583,0,128,0,0,7,9142
10/09/2020,11032,1399339,45,9628,0,128,0,0,24,9166
11/09/2020,9670,1409009,182,9810,0,128,0,0,14,9180
12/09/2020,7660,1416669,58,9868,0,128,0,0,8,9188
13/09/2020,9375,1426044,47,9915,0,128,0,0,7,9195
14/09/2020,11625,1437669,31,9946,1,129,0,0,7,9202
15/09/2020,11335,1449004,23,9969,0,129,0,0,6,9208
16/09/2020,7417,1456421,62,10031,0,129,0,0,26,9234
17/09/2020,8830,1465251,21,10052,0,129,0,0,15,9249
18/09/2020,9236,1474487,95,10147,1,130,0,0,14,9263
19/09/2020,9104,1483591,20,10167,1,131,0,0,51,9314
20/09/2020,8344,1491935,52,10219,0,131,0,0,40,9354
21/09/2020,10198,1502133,57,10276,0,131,0,0,40,9394
22/09/2020,12222,1514355,82,10358,1,132,0,0,168,9562
23/09/2020,10355,1524710,147,10505,1,133,0,0,39,9601
24/09/2020,9605,1534315,72,10577,0,133,0,0,64,9665
25/09/2020,11398,1545713,110,10687,0,133,0,0,30,9695
26/09/2020,8587,1554300,82,10769,1,134,0,0,89,9784
27/09/2020,7503,1561803,150,10919,1,135,0,0,50,9834
28/09/2020,12975,1574778,115,11034,1,136,0,0,54,9888
29/09/2020,15977,1590755,101,11135,0,136,0,0,50,9938
30/09/2020,14279,1605034,89,11224,0,136,0,0,28,9966
01/10/2020,13761,1618795,260,11484,0,136,0,0,47,10013
02/10/2020,13422,1632217,287,11771,2,138,0,0,81,10094
03/10/2020,13386,1645603,317,12088,1,139,0,0,121,10215
04/10/2020,13960,1659563,293,12381,2,141,0,0,67,10282
05/10/2020,16065,1675628,432,12813,3,144,0,0,57,10339
06/10/2020,14218,1689846,691,13504,1,145,0,0,87,10426
07/10/2020,17779,1707625,489,13993,3,148,0,0,74,10500
08/10/2020,20820,1728445,375,14368,5,153,0,0,18,10518
09/10/2020,19416,1747861,354,14722,4,157,0,0,188,10706
10/10/2020,18375,1766236,374,15096,3,160,0,0,73,10779
11/10/2020,18012,1784248,561,15657,3,163,0,0,133,10912
12/10/2020,19709,1803957,563,16220,3,166,0,0,109,11021
13/10/2020,21921,1825878,660,16880,4,170,0,0,350,11371
14/10/2020,22334,1848212,660,17540,4,174,0,0,233,11604
15/10/2020,25390,1873602,589,18129,2,176,0,0,409,12013
16/10/2020,22548,1896150,629,18758,6,182,0,0,245,12258
17/10/2020,21393,1917543,869,19627,6,188,0,0,302,12560
18/10/2020,22733,1940276,871,20498,2,190,0,0,701,13261
19/10/2020,20994,1961270,865,21363,7,197,0,0,455,13716
20/10/2020,21456,1982726,862,22225,4,201,0,0,634,14350
21/10/2020,19253,2001979,732,22957,7,208,0,0,580,14930
22/10/2020,27549,2029528,847,23804,11,219,0,0,486,15416
23/10/2020,28435,2057963,710,24514,9,228,0,0,467,15883
24/10/2020,29461,2087424,1228,25742,3,231,0,0,671,16554
25/10/2020,27114,2114538,823,26565,6,237,0,0,579,17133
26/10/2020,29495,2144033,1240,27805,2,239,0,0,691,17824
27/10/2020,29495,2173528,835,28640,2,241,0,0,674,18498
28/10/2020,38807,2212335,801,29441,10,251,0,0,573,19071
29/10/2020,37590,2249925,649,30090,4,255,0,0,685,19756
30/10/2020,27350,2277275,799,30889,3,258,0,0,491,20247
31/10/2020,22307,2299582,659,31548,5,263,0,0,1000,21247
01/11/2020,23285,2322867,957,32505,3,266,0,0,972,22219
02/11/2020,24652,2347519,834,33339,2,268,0,0,900,23119
03/11/2020,36141,2383660,1054,34393,2,270,0,0,875,23994
04/11/2020,33074,2416734,1032,35425,1,271,0,0,820,24814
05/11/2020,44044,2460778,1009,36434,6,277,0,0,839,25653
06/11/2020,33475,2494253,1755,38189,2,279,0,0,726,26379
07/11/2020,23940,2518193,1168,39357,3,282,0,0,1029,27408
08/11/2020,21861,2540054,852,40209,4,286,0,0,825,28233
09/11/2020,24575,2564629,972,41181,8,294,0,0,1345,29578
10/11/2020,26185,2590814,869,42050,6,300,0,0,725,30303
11/11/2020,29648,2620462,822,42872,2,302,0,0,769,31072
12/11/2020,38237,2658699,919,43791,1,303,0,0,996,32068
13/11/2020,38510,2697209,1304,45095,1,304,0,0,900,32968
14/11/2020,31868,2729077,1114,46209,2,306,0,0,803,33771
15/11/2020,23129,2752206,1208,47417,3,309,0,0,1013,34784
16/11/2020,21987,2774193,1103,48520,4,313,0,0,821,35605
17/11/2020,28200,2802393,1210,49730,5,318,0,0,1018,36623
18/11/2020,29571,2831964,660,50390,4,322,0,0,630,37253
19/11/2020,23479,2855443,1290,51680,4,326,0,0,878,38131
20/11/2020,22956,2878399,958,52638,3,329,0,0,956,39087
21/11/2020,23023,2901422,1041,53679,3,332,0,0,1405,40492
22/11/2020,16786,2918208,1096,54775,3,335,0,0,1104,41596
23/11/2020,19285,2937493,1884,56659,2,337,0,0,883,42479
24/11/2020,22233,2959726,2188,58847,4,341,0,0,1673,44152
25/11/2020,23250,2982976,970,59817,4,345,0,0,2348,46500
26/11/2020,24611,3007587,935,60752,3,348,0,0,2555,49055
27/11/2020,22074,3029661,1109,61861,2,350,0,0,1148,50203
28/11/2020,18047,3047708,1315,63176,4,354,0,0,1110,51313
29/11/2020,21949,3069657,1309,64485,3,357,0,0,1333,52646
30/11/2020,20548,3090205,1212,65697,3,360,0,0,2112,54758
01/12/2020,23371,3113576,1472,67169,2,362,0,0,1552,56310
02/12/2020,24723,3138299,851,68020,2,364,0,0,658,56968
03/12/2020,31729,3170028,1075,69095,11,375,0,0,948,57916
04/12/2020,31114,3201142,1141,70236,0,375,0,0,1144,59060
05/12/2020,25654,3226796,1123,71359,4,379,0,0,1143,60203
06/12/2020,27547,3254343,1335,72694,3,382,0,0,1069,61272
07/12/2020,29850,3284193,1600,74294,2,384,0,0,1033,62305
08/12/2020,45354,3329547,1012,75306,4,388,0,0,1750,64055
09/12/2020,50103,3379650,959,76265,5,393,0,0,1068,65123
10/12/2020,47096,3426746,2234,78499,3,396,0,0,1112,66235
11/12/2020,39875,3466621,1810,80309,6,402,0,0,937,67172
12/12/2020,32469,3499090,1937,82246,9,411,0,0,911,68083
13/12/2020,33130,3532220,1229,83475,4,415,0,0,1309,69392
14/12/2020,41798,3574018,1371,84846,4,419,0,0,1204,70596
15/12/2020,46323,3620341,1772,86618,3,422,0,0,1084,71680
16/12/2020,53979,3674320,1295,87913,7,429,0,0,1052,72732
17/12/2020,51640,3725960,1220,89133,3,432,0,0,1297,74029
18/12/2020,51276,3777236,1683,90816,0,432,0,0,1214,75243
19/12/2020,40901,3818137,1153,91969,1,433,0,0,998,76241
20/12/2020,35411,3853548,1340,93309,4,437,0,0,1067,77308
21/12/2020,42398,3895946,2018,95327,1,438,0,0,1084,78392
22/12/2020,51412,3947358,2062,97389,1,439,0,0,911,79303
23/12/2020,50804,3998162,1348,98737,5,444,0,0,710,80013
24/12/2020,49006,4047168,1581,100318,2,446,0,0,1085,81098
25/12/2020,34643,4081811,1247,101565,3,449,0,0,1441,82539
26/12/2020,32396,4114207,2335,103900,2,451,0,0,874,83413
27/12/2020,32972,4147179,1196,105096,1,452,0,0,997,84410
28/12/2020,32981,4180160,1594,106690,3,455,0,0,1181,85591
29/12/2020,47433,4227593,1925,108615,2,457,0,0,1123,86714
30/12/2020,47301,4274894,1870,110485,6,463,0,0,745,87459
31/12/2020,42547,4317441,2525,113010,8,471,0,0,1481,88940
01/01/2021,39641,4357082,2068,115078,3,474,0,0,2230,91170
02/01/2021,45237,4402319,2295,117373,9,483,0,0,3321,94491
03/01/2021,36605,4438924,1704,119077,11,494,0,0,2726,97217
04/01/2021,45961,4484885,1741,120818,7,501,0,0,1010,98227
05/01/2021,63252,4548137,2027,122845,11,512,0,0,1221,99448
06/01/2021,65204,4613341,2593,125438,1,513,0,0,1129,100577
07/01/2021,75186,4688527,3027,128465,8,521,0,0,2145,102722
08/01/2021,73406,4761933,2643,131108,16,537,0,0,2708,105430
09/01/2021,70817,4832750,2451,133559,5,542,0,0,1401,106831
10/01/2021,62773,4895523,2433,135992,9,551,0,0,1277,108108
11/01/2021,63099,4958622,2232,138224,4,555,0,0,1006,109114
12/01/2021,83276,5041898,3309,141533,4,559,0,0,1469,110583
13/01/2021,82973,5124871,2985,144518,4,563,0,0,994,111577
14/01/2021,89943,5214814,3337,147855,15,578,0,0,1710,113287
15/01/2021,88787,5303601,3211,151066,8,586,0,0,1939,115226
16/01/2021,78075,5381676,4029,155095,8,594,0,0,2148,117374
17/01/2021,76890,5458566,3339,158434,7,601,0,0,2676,120050
18/01/2021,75852,5534418,3306,161740,4,605,0,0,2293,122343
19/01/2021,102133,5636551,3631,165371,14,619,0,0,2944,125287
20/01/2021,94775,5731326,4008,169379,11,630,0,0,2374,127661
21/01/2021,95447,5826773,3170,172549,12,642,0,0,2490,130151
22/01/2021,97176,5923949,3631,176180,18,660,0,0,2554,132705
23/01/2021,86952,6010901,4275,180455,7,667,0,0,4313,137018
24/01/2021,67037,6077938,3346,183801,11,678,0,0,4427,141445
25/01/2021,70035,6147973,3048,186849,11,689,0,0,3638,145083
26/01/2021,93137,6241110,3585,190434,11,700,0,0,4076,149159
27/01/2021,87404,6328514,3680,194114,7,707,0,0,1858,151017
28/01/2021,73837,6402351,4094,198208,10,717,0,0,3281,154298
29/01/2021,76356,6478707,5725,203933,16,733,0,0,3423,157721
30/01/2021,76939,6555646,5728,209661,13,746,0,0,3805,161526
31/01/2021,52476,6608122,5298,214959,14,760,0,0,4522,166048
01/02/2021,53800,6661922,4214,219173,10,770,0,0,4280,170328
02/02/2021,83921,6745843,3455,222628,21,791,0,0,3661,173989
03/02/2021,75773,6821616,4284,226912,18,809,0,0,3804,177793
04/02/2021,85191,6906807,4571,231483,17,826,0,0,4092,181885
05/02/2021,80374,6987181,3391,234874,19,845,0,0,3392,185277
06/02/2021,73500,7060681,3847,238721,12,857,0,0,1692,186969
07/02/2021,54666,7115347,3731,242452,15,872,0,0,3369,190338
08/02/2021,79756,7195103,3100,245552,24,896,0,0,2340,192678
09/02/2021,82066,7277169,2764,248316,13,909,0,0,3887,196565
10/02/2021,84881,7362050,3288,251604,14,923,0,0,1929,198494
11/02/2021,72426,7434476,3384,254988,1,924,0,0,3774,202268
12/02/2021,41009,7475485,3318,258306,18,942,0,0,3505,205773
13/02/2021,33547,7509032,3499,261805,6,948,0,0,3515,209288
14/02/2021,33593,7542625,2464,264269,8,956,0,0,4525,213813
15/02/2021,58256,7600881,2176,266445,11,967,0,0,4521,218334
16/02/2021,73554,7674435,2720,269165,9,976,0,0,5718,224052
17/02/2021,76687,7751122,2998,272163,23,999,0,0,5709,229761
18/02/2021,81130,7832252,2712,274875,1,1000,0,0,5320,235081
19/02/2021,79803,7912055,2936,277811,39,1039,0,0,4889,239970
20/02/2021,69558,7981613,2461,280272,9,1048,0,0,4782,244752
21/02/2021,54153,8035766,3297,283569,6,1054,0,0,4456,249208
22/02/2021,73870,8109636,2192,285761,7,1061,0,0,3414,252622
23/02/2021,86110,8195746,2468,288229,20,1081,0,0,4055,256677
24/02/2021,75122,8270868,3545,291774,12,1093,60,60,3331,260008
25/02/2021,85929,8356797,1924,293698,13,1106,1146,1206,3752,263760
26/02/2021,80221,8437018,2253,295951,10,1116,4116,5322,3085,266845
27/02/2021,63567,8500585,2364,298315,10,1126,6724,12046,3320,270165
28/02/2021,59526,8560111,2437,300752,9,1135,6702,18748,3251,273416
01/03/2021,61120,8621231,1828,302580,5,1140,15376,34124,2486,275902
02/03/2021,64907,8686138,1555,304135,6,1146,21668,55792,2528,278430
03/03/2021,66232,8752370,1745,305880,7,1153,22693,78485,2276,280706
04/03/2021,67529,8819899,2063,307943,5,1158,19559,98044,2922,283628
05/03/2021,58745,8878644,2154,310097,6,1164,14332,112376,3275,286903
06/03/2021,54309,8932953,1680,311777,7,1171,15778,128154,2548,289451
07/03/2021,40996,8973949,1683,313460,3,1174,12538,140692,2506,291957
08/03/2021,53056,9027005,1529,314989,8,1182,27128,167820,2076,294033
09/03/2021,59586,9086591,1280,316269,9,1191,29984,197804,2345,296378
10/03/2021,58954,9145545,1448,317717,5,1196,28721,226525,2137,298515
11/03/2021,59556,9205101,1647,319364,9,1205,26475,253000,2104,300619
12/03/2021,53899,9259000,1575,320939,3,1208,26043,279043,2042,302661
13/03/2021,46279,9305279,1470,322409,3,1211,16837,295880,1830,304491
14/03/2021,34321,9339600,1354,323763,4,1215,10074,305954,1782,306273
15/03/2021,51747,9391347,1208,324971,3,1218,20285,326239,1973,308246
16/03/2021,60072,9451419,1063,326034,5,1223,25458,351697,1365,309611
17/03/2021,62437,9513856,1219,327253,2,1225,20847,372544,1346,310957
18/03/2021,61635,9575491,1213,328466,3,1228,18099,390643,1503,312460
19/03/2021,59016,9634507,1576,330042,2,1230,14523,405166,1996,314456
20/03/2021,54203,9688710,1671,331713,4,1234,13772,418938,1585,316041
21/03/2021,37652,9726362,1327,333040,4,1238,15495,434433,1247,317288
22/03/2021,56293,9782655,1116,334156,5,1243,24253,458686,1495,318783
23/03/2021,55388,9838043,1384,335540,1,1244,29140,487826,1058,319841
24/03/2021,61034,9899077,1268,336808,2,1246,29061,516887,1083,320924
25/03/2021,59480,9958557,1360,338168,2,1248,25754,542641,1491,322415
26/03/2021,53952,10012509,1275,339443,1,1249,16698,559339,1509,323924
27/03/2021,46572,10059081,1199,340642,2,1251,16033,575372,1257,325181
28/03/2021,36063,10095144,1302,341944,4,1255,16524,591896,1127,326308
29/03/2021,50996,10146140,941,342885,5,1260,35036,626932,1097,327405
30/03/2021,56717,10202857,1133,344018,4,1264,40780,667712,1148,328553
31/03/2021,59732,10262589,1482,345500,8,1272,37260,704972,1070,329623
01/04/2021,57913,10320502,1178,346678,6,1278,42299,747271,1377,331000
02/04/2021,60161,10380663,1294,347972,5,1283,30440,777711,1442,332442
03/04/2021,48119,10428782,1638,349610,3,1286,17254,794965,1449,333891
04/04/2021,36861,10465643,1349,350959,2,1288,14936,809901,1270,335161
05/04/2021,50952,10516595,1070,352029,7,1295,28570,838471,1294,336455
06/04/2021,60019,10576614,1300,353329,5,1300,32609,871080,1412,337867
07/04/2021,61476,10638090,1139,354468,4,1304,30891,901971,1199,339066
08/04/2021,62874,10700964,1285,355753,4,1308,26798,928769,1175,340241
09/04/2021,58019,10758983,1854,357607,5,1313,21521,950290,1247,341488
10/04/2021,51970,10810953,1510,359117,8,1321,15577,965867,1248,342736
11/04/2021,39309,10850262,1739,360856,8,1329,23150,989017,1216,343952
12/04/2021,57219,10907481,1317,362173,4,1333,39221,1028238,1052,345004
13/04/2021,70929,10978410,1767,363940,12,1345,23772,1052010,1290,346294
14/04/2021,68759,11047169,1889,365829,8,1353,28617,1080627,1485,347779
15/04/2021,70526,11117695,2148,367977,10,1363,27234,1107861,1259,349038
16/04/2021,71601,11189296,2551,370528,2,1365,19528,1127389,1524,350562
17/04/2021,65236,11254532,2331,372859,5,1370,9631,1137020,1832,352394
18/04/2021,51507,11306039,2195,375054,8,1378,9839,1146859,1427,353821
19/04/2021,65131,11371170,2078,377132,8,1386,32944,1179803,1402,355223
20/04/2021,80247,11451417,2341,379473,3,1389,33230,1213033,1592,356815
21/04/2021,81258,11532675,2340,381813,11,1400,27525,1240558,1910,358725
22/04/2021,81947,11614622,2875,384688,7,1407,29413,1269971,2541,361266
23/04/2021,85267,11699889,2847,387535,8,1415,18873,1288844,2341,363607
24/04/2021,72372,11772261,2717,390252,11,1426,11423,1300267,2292,365899
25/04/2021,58374,11830635,2690,392942,10,1436,14776,1315043,1853,367752
26/04/2021,70955,11901590,2776,395718,13,1449,30222,1345265,1803,369555
27/04/2021,86586,11988176,2733,398451,13,1462,34613,1379878,2019,371574
28/04/2021,88294,12076470,3142,401593,15,1477,39589,1419467,1822,373396
29/04/2021,81098,12157568,3332,404925,15,1492,12483,1431950,1943,375339
30/04/2021,82142,12239710,3788,408713,14,1506,26566,1458516,2640,377979
01/05/2021,62700,12302410,2881,411594,15,1521,5378,1463894,2462,380441
02/05/2021,57171,12359581,3418,415012,12,1533,15711,1479605,2698,383139
03/05/2021,74433,12434014,2500,417512,18,1551,51131,1530736,2068,385207
04/05/2021,94071,12528085,3120,420632,23,1574,49746,1580482,2334,387541
05/05/2021,94134,12622219,3744,424376,17,1591,54883,1635365,2304,389845
06/05/2021,92432,12714651,3551,427927,19,1610,55726,1691091,2709,392554
07/05/2021,87377,12802028,4498,432425,22,1632,47685,1738776,3449,396003
08/05/2021,79969,12881997,4519,436944,25,1657,27014,1765790,2719,398722
09/05/2021,67096,12949093,3733,440677,26,1683,32388,1798178,3211,401933
10/05/2021,63499,13012592,3807,444484,17,1700,61415,1859593,3454,405387
11/05/2021,102452,13115044,3973,448457,22,1722,48860,1908453,2848,408235
12/05/2021,83690,13198734,4765,453222,39,1761,18116,1926569,3124,411359
13/05/2021,55026,13253760,4855,458077,27,1788,118,1926687,3347,414706
14/05/2021,47225,13300985,4113,462190,34,1822,68,1926755,4190,418896
15/05/2021,63228,13364213,4140,466330,44,1866,10895,1937650,3432,422328
16/05/2021,67795,13432008,3780,470110,36,1902,10306,1947956,3990,426318
17/05/2021,94987,13526995,4446,474556,45,1947,60541,2008497,2784,429102
18/05/2021,114324,13641319,4865,479421,47,1994,77959,2086456,3497,432599
19/05/2021,120285,13761604,6075,485496,46,2040,84083,2170539,3516,436115
20/05/2021,120930,13882534,6806,492302,59,2099,81029,2251568,3916,440031
21/05/2021,126187,14008721,6493,498795,50,2149,60938,2312506,4508,444539
22/05/2021,116857,14125578,6320,505115,50,2199,46360,2358866,4694,449233
23/05/2021,110845,14236423,6976,512091,49,2248,46304,2405170,3587,452820
24/05/2021,111363,14347786,6509,518600,61,2309,95592,2500762,3452,456272
25/05/2021,128861,14476647,7289,525889,60,2369,100255,2601017,3789,460061
26/05/2021,122419,14599066,7478,533367,63,2432,22193,2623210,4665,464726
27/05/2021,123492,14722558,7857,541224,59,2491,108169,2731379,4598,469324
28/05/2021,133912,14856470,8290,549514,61,2552,74219,2805598,4814,474138
29/05/2021,118415,14974885,9020,558534,98,2650,65969,2871567,5527,479665
30/05/2021,96147,15071032,6999,565533,79,2729,62669,2934236,5121,484786
31/05/2021,107337,15178369,6824,572357,67,2796,96140,3030376,5251,490037
01/06/2021,111919,15290288,7105,579462,71,2867,99841,3130217,6083,496120
02/06/2021,115231,15405519,7703,587165,126,2993,106847,3237064,5777,501897
03/06/2021,111760,15517279,8209,595374,103,3096,119173,3356237,7049,508946
04/06/2021,110377,15627656,7748,603122,86,3182,91322,3447559,6624,515570
05/06/2021,98306,15725962,7452,610574,109,3291,73548,3521107,6105,521675
06/06/2021,86239,15812201,6241,616815,87,3378,82650,3603757,5133,526808
07/06/2021,80166,15892367,5271,622086,82,3460,65823,3669580,7548,534356
08/06/2021,94606,15986973,5566,627652,76,3536,154633,3824213,6962,541318
09/06/2021,105870,16092843,6239,633891,75,3611,156913,3981126,7386,548704
10/06/2021,101818,16194661,5671,639562,73,3684,161072,4142198,7325,556029
11/06/2021,96787,16291448,6849,646411,84,3768,126517,4268715,7749,563778
12/06/2021,87347,16378795,5793,652204,76,3844,137210,4405925,8334,572112
13/06/2021,72762,16451557,5304,657508,64,3908,131681,4537606,8163,580275
14/06/2021,81058,16532615,4949,662457,60,3968,203056,4740662,6588,586863
15/06/2021,88700,16621315,5419,667876,101,4069,222672,4963334,6831,593694
16/06/2021,78832,16700147,5150,673026,73,4142,213775,5177109,7240,600934
17/06/2021,87422,16787569,5738,678764,60,4202,228727,5405836,7530,608464
18/06/2021,89699,16877268,6440,685204,74,4276,185359,5591195,6861,615325
19/06/2021,82151,16959419,5911,691115,72,4348,171323,5762518,6918,622243
20/06/2021,63828,17023247,5293,696408,60,4408,145779,5908297,5941,628184
21/06/2021,73247,17096494,4611,701019,69,4477,244929,6153226,5439,633623
22/06/2021,82257,17178751,4743,705762,77,4554,259437,6412663,5557,639180
23/06/2021,81739,17260490,5244,711006,83,4637,264550,6677213,6372,645552
24/06/2021,77413,17337903,5841,716847,84,4721,276881,6954094,5411,650963
25/06/2021,80559,17418462,5812,722659,82,4803,221946,7176040,6775,657738
26/06/2021,73391,17491853,5803,728462,81,4884,197438,7373478,5193,662931
27/06/2021,63591,17555444,5586,734048,60,4944,177586,7551064,4777,667708
28/06/2021,74103,17629547,5218,739266,57,5001,209629,7760693,4744,672452
29/06/2021,91141,17720688,6437,745703,107,5108,243610,8004303,5298,677750
30/06/2021,97536,17818224,6276,751979,62,5170,270280,8274583,4929,682679
01/07/2021,98030,17916254,6988,758967,84,5254,269829,8544412,5580,688259
02/07/2021,96502,18012756,6982,765949,73,5327,240547,8784959,6278,694537
03/07/2021,85840,18098596,6658,772607,107,5434,223624,9008583,5677,700214
04/07/2021,68721,18167317,6045,778652,63,5497,215354,9223937,5271,705485
05/07/2021,86760,18254077,6387,785039,77,5574,326855,9550792,4532,710017
06/07/2021,93004,18347081,7654,792693,103,5677,354984,9905776,4797,714814
07/07/2021,102413,18449494,7097,799790,91,5768,394168,10299944,4863,719677
08/07/2021,106506,18556000,8868,808658,135,5903,388839,10688783,5802,725479
09/07/2021,114371,18670371,9180,817838,77,5980,349447,11038230,5713,731192
10/07/2021,102831,18773202,9353,827191,87,6067,335399,11373629,5910,737102
11/07/2021,95149,18868351,9105,836296,90,6157,296704,11670333,5194,742296
12/07/2021,118677,18987028,8574,844870,103,6260,433320,12103653,5041,747337
13/07/2021,138364,19125392,11079,855949,125,6385,437876,12541529,5990,753327
14/07/2021,141644,19267036,11618,867567,118,6503,456674,12998203,6377,759704
15/07/2021,151956,19418992,13215,880782,110,6613,477397,13475600,6095,765799
16/07/2021,143749,19562741,12541,893323,115,6728,417260,13892860,6742,772541
17/07/2021,135291,19698032,12528,905851,138,6866,395158,14288018,6629,779170
18/07/2021,110011,19808043,10710,916561,153,7019,355736,14643754,5778,784948
19/07/2021,133945,19941988,10972,927533,129,7148,442352,15086106,6439,791387
20/07/2021,96630,20038618,12366,939899,93,7241,310938,15397044,7567,798954
21/07/2021,137293,20175911,11985,951884,199,7440,458223,15855267,7902,806856
22/07/2021,154989,20330900,13034,964918,134,7574,519020,16374287,8436,815292
23/07/2021,156443,20487343,15573,980491,144,7718,478139,16852426,10094,825386
24/07/2021,137994,20625337,15902,996393,184,7902,432621,17285047,9471,834857
25/07/2021,119819,20745156,17045,1013438,92,7994,416776,17701823,9683,844540
26/07/2021,149203,20894359,14516,1027954,207,8201,537436,18239259,9371,853911
27/07/2021,154572,21048931,16117,1044071,207,8408,571542,18810801,11526,865437
28/07/2021,151298,21200229,17405,1061476,143,8551,581283,19392084,12373,877810
29/07/2021,159400,21359629,17170,1078646,174,8725,580119,19972203,12930,890740
30/07/2021,154598,21514227,16840,1095486,134,8859,534730,20506933,12179,902919
31/07/2021,136213,21650440,17786,1113272,165,9024,542731,21049664,11718,914637
01/08/2021,106840,21757280,17150,1130422,160,9184,494943,21544607,11326,925963
02/08/2021,146276,21903556,15764,1146186,219,9403,487763,22032370,11767,937730
03/08/2021,170480,22074036,17105,1163291,195,9598,503565,22535935,12297,950027
04/08/2021,157885,22231921,19819,1183110,257,9855,514523,23050458,12704,962731
05/08/2021,154386,22386307,20596,1203706,164,10019,537790,23588248,13893,976624
06/08/2021,157612,22543919,20889,1224595,160,10179,468846,24057094,16394,993018
07/08/2021,144949,22688868,19257,1243852,210,10389,449070,24506164,16322,1009340
08/08/2021,123060,22811928,18688,1262540,360,10749,409995,24916159,17055,1026395
09/08/2021,153562,22965490,17236,1279776,212,10961,484499,25400658,15187,1041582
10/08/2021,144565,23110055,19991,1299767,201,11162,376500,25777158,16258,1057840
11/08/2021,170492,23280547,20780,1320547,211,11373,516934,26294092,17973,1075813
12/08/2021,181238,23461785,21668,1342215,318,11691,550240,26844332,17687,1093500
13/08/2021,167693,23629478,21468,1363683,277,11968,494612,27338944,17025,1110525
14/08/2021,156421,23785899,20670,1384353,260,12228,468349,27807293,17655,1128180
15/08/2021,135030,23920929,20546,1404899,282,12510,437478,28244771,16945,1145125
16/08/2021,160157,24081086,19740,1424639,274,12784,523716,28768487,17450,1162575
17/08/2021,178955,24260041,19631,1444270,293,13077,546797,29315284,16467,1179042
18/08/2021,171650,24431691,22242,1466512,225,13302,568119,29883403,19680,1198722
19/08/2021,171858,24603549,22948,1489460,178,13480,545370,30428773,21720,1220442
20/08/2021,157863,24761412,23564,1513024,233,13713,510557,30939330,21448,1241890
21/08/2021,143502,24904914,22262,1535286,223,13936,497739,31437069,18576,1260466
22/08/2021,125901,25030815,19807,1555093,232,14168,461500,31898569,18200,1278666
23/08/2021,154855,25185670,17672,1572765,174,14342,415696,32314265,19053,1297719
24/08/2021,177522,25363192,20837,1593602,211,14553,443244,32757509,18613,1316332
25/08/2021,168313,25531505,22642,1616244,265,14818,447400,33204909,20798,1337130
26/08/2021,155079,25686584,24599,1640843,393,15211,434851,33639760,22657,1359787
27/08/2021,154582,25841166,22070,1662913,339,15550,371987,34011747,21877,1381664
28/08/2021,134804,25975970,22597,1685510,252,15802,367909,34379656,19492,1401156
29/08/2021,108692,26084662,20579,1706089,285,16087,327845,34707501,20845,1422001
30/08/2021,156407,26241069,19268,1725357,295,16382,387376,35094877,21257,1443258
31/08/2021,122698,26363767,20897,1746254,282,16664,284373,35379250,18465,1461723
01/09/2021,165226,26528993,18762,1765016,278,16942,426137,35805387,21073,1482796
02/09/2021,160267,26689260,20988,1786004,249,17191,399069,36204456,23473,1506269
03/09/2021,147510,26836770,19378,1805382,330,17521,354243,36558699,22399,1528668
04/09/2021,133048,26969818,19057,1824439,362,17883,329863,36888562,21582,1550250
05/09/2021,110497,27080315,20396,1844835,336,18219,312881,37201443,20573,1570823
06/09/2021,162319,27242634,17352,1862187,272,18491,338780,37540223,20201,1591024
07/09/2021,164552,27407186,18547,1880734,311,18802,347292,37887515,18902,1609926
08/09/2021,156749,27563935,19733,1900467,362,19164,346682,38234197,22701,1632627
09/09/2021,143921,27707856,19307,1919774,322,19486,348516,38582713,24855,1657482
10/09/2021,132221,27840077,21176,1940950,341,19827,311422,38894135,21476,1678958
11/09/2021,124648,27964725,19550,1960500,592,20419,281181,39175316,21771,1700729
12/09/2021,99660,28064385,19198,1979698,292,20711,245667,39420983,20980,1721709
13/09/2021,135262,28199647,16073,1995771,413,21124,246100,39667083,24813,1746522
14/09/2021,148091,28347738,15669,2011440,463,21587,261980,39929063,18053,1764575
15/09/2021,142401,28490139,19495,2030935,422,22009,265657,40194720,18760,1783335
16/09/2021,96360,28586499,18815,2049750,346,22355,212602,40407322,16939,1800274
17/09/2021,107144,28693643,17577,2067327,388,22743,253837,40661159,22970,1823244
18/09/2021,104817,28798460,15549,2082876,324,23067,247988,40909147,17205,1840449
19/09/2021,109314,28907774,14954,2097830,376,23443,231207,41140354,23469,1863918
20/09/2021,165497,29073271,14345,2112175,301,23744,304145,41444499,16814,1880732
21/09/2021,163664,29236935,15759,2127934,334,24078,270417,41714916,16650,1897382
22/09/2021,176312,29413247,14990,2142924,487,24565,332424,42047340,19702,1917084
23/09/2021,143497,29556744,13754,2156678,116,24681,340023,42387363,16628,1933712
24/09/2021,141860,29698604,14554,2171232,250,24931,284146,42671509,16751,1950463
25/09/2021,113119,29811723,13899,2185131,228,25159,270928,42942437,18074,1968537
26/09/2021,94811,29906534,13104,2198235,278,25437,276754,43219191,20971,1989508
27/09/2021,157722,30064256,10959,2209194,258,25695,331460,43550651,16430,2005938
28/09/2021,152195,30216451,11332,2220526,240,25935,338234,43888885,14160,2020098
29/09/2021,145656,30362107,12434,2232960,208,26143,348601,44237486,17000,2037098
30/09/2021,139755,30501862,12735,2245695,192,26335,337796,44575282,17725,2054823
01/10/2021,138207,30640069,11889,2257584,121,26456,243287,44818569,15891,2070714
02/10/2021,102196,30742265,10915,2268499,109,26565,217945,45036514,15396,2086110
03/10/2021,97471,30839736,9066,2277565,118,26683,214195,45250709,14454,2100564
04/10/2021,176380,31016116,8075,2285640,76,26759,231150,45481859,15456,2116020
05/10/2021,157773,31173889,8817,2294457,117,26876,230224,45712083,15615,2131635
06/10/2021,150239,31324128,9380,2303837,105,26981,214094,45926177,13045,2144680
07/10/2021,135513,31459641,9890,2313727,132,27113,200536,46126713,12884,2157564
08/10/2021,123146,31582787,9751,2323478,78,27191,178343,46305056,12724,2170288
09/10/2021,96009,31678796,8743,2332221,74,27265,146639,46451695,14422,2184710
10/10/2021,92421,31771217,7373,2339594,64,27329,133050,46584745,10959,2195669
